id,city_id,cityname,pack_id,fhash,fname,ctype
8,3205309,BR-ES-Vitoria,23,3a92899e5a7e87acb92cca7198cc0e894bac9ac96c2192b12b668d1e1d598898,lote.zip,std
11,4104808,BR-PR-Cascavel,16,305df61c61e90caef0a0409a09b7d01a56beb6e107ae4430188617c7058f02a1,Bairros.zip,std
12,4104808,BR-PR-Cascavel,16,f4fe1f604f927b1d07ae56ec11ea9e3c4c64a4d02c01ce80ad041beadab165dc,Logradouros.zip,std
13,4104808,BR-PR-Cascavel,16,ae8dc027fe9e0983b553508c3a313061f7f466c50d66124c86c96254f70c4c15,Lotes.zip,std
17,3303302,BR-RJ-Niteroi,18,0692a8ab9b2eef6eac542a265c98e5a84198cd75002ad2a30d49b7e4420db793,Empresas.zip,std
18,3303302,BR-RJ-Niteroi,18,fd0fcfd937ee3d20620862cce6e870679518f4756063f3045c7f65e6b9ca9981,Limite_de_Bairros-shp.zip,std
19,3303302,BR-RJ-Niteroi,18,5f7e5ecf8e15a9c13323cb9f4fddadee80eb3e253bcc270dc8c134400af3a8b2,Logradouro.zip,std
20,3303302,BR-RJ-Niteroi,18,4bde69d0057c0785598f98963fdae3dc90420fb8f163652d70b659210da0ae2b,Lotes.zip,std
23,3525904,BR-SP-Jundiai,28,512fe4c44525a211c68415da0ab06d565a6ba3653739809d46404d6653ce5064,edificacoes.zip,std
24,3525904,BR-SP-Jundiai,28,64b4af485458099065ff5fcf2c4e37f5d30cad57d746a7550129fec7e90079d8,L_8683-2016_m12_vias_func_urbanistica.zip,std
25,3525904,BR-SP-Jundiai,28,ce76963d0679cbbb3f57e7ce53b32ccc3afd1768299509f539b4bdd22074e7e8,logradouro.zip,std
26,3525904,BR-SP-Jundiai,28,4c4a1565e1f7d5675ff2d546d0e6a85acd7bbaa018503601dd07e1be80dee130,lotes_jund.zip,std
27,3525904,BR-SP-Jundiai,28,7995d41f628e31599f80b367650d363f47e75e1515be9fefabefca91189608a5,v_bairros_populacao.zip,std
28,3526407,BR-SP-LaranjalPaulista,32,d0f8c1d174d7bd2ad5ea593cc13cc3de068f6670e72d0d2406ff728e44bd5a1e,SIG_CAD_LARANJAL.dwg,std
31,3548500,BR-SP-Santos,20,b192fba419ef8133861a9051d2382d08476193eafbd8932f0ea05456157c301c,SHAPEFILE.zip,std
32,3548708,BR-SP-SaoBernardoCampo,25,350b605174967b94ef49ce1bbac0352dd76e2175e5eae1b8e5b730cd9950d133,bairro_SBC.zip,std
14,4119152,BR-PR-Pinhais,29,7d96c19771ca271623058eeb9fdc4ceb67ff68c3937a7b66e7ccdb1a4e6580fb,BAIRROS.rar,std
15,4119152,BR-PR-Pinhais,29,56d32368409f4ba2c99afadc7ad307bd8cc660b93d38e57936da313fafde1f13,LOTES.rar,std
16,4119152,BR-PR-Pinhais,29,27c0c467222a668837f62e9f40ac85f94685ea50f3d655207384f2343d13f573,RUAS.rar,std
21,4309209,BR-RS-Gravatai,14,1ad669693352407105ccdeb37a4398d62b0accb25888122c84afe2788c121c7b,OPENSTREETMAP.rar,std
33,3548708,BR-SP-SaoBernardoCampo,25,55aacd5dfb6c5a22a9da1122cb738f5b13b2eae4fd35158c0e42cdc362770678,limite_municipal_SBC.zip,std
34,3548708,BR-SP-SaoBernardoCampo,25,3269bacc09d450b4d7496a2bc749ece94b1f48462ba0aae70d902404256bc433,logradouro_SBC.zip,std
35,3548708,BR-SP-SaoBernardoCampo,25,d4985405060cc1887962a4278b4d68ada6ffd3ed72f296bd72d65abc4897cd2d,lote_SBC.zip,std
36,3548708,BR-SP-SaoBernardoCampo,25,22ecd5ef4ca76adef213fa422d9b5e4198f0667df598c511c30e512bb10aaedd,Q_Endereco_SBC.zip,std
38,3550308,BR-SP-SaoPaulo,35,07e6c893a8d94f940e79d54bec151255b6de73141a1fb74a19654660b04dd978,SHP_edificacao_AGUA_RASA.zip,edificacoes
39,3550308,BR-SP-SaoPaulo,35,730a87396733f9b6e16cefc3af077ed77cd12d82690298cb4d5b258e4b2ccca7,SHP_edificacao_ALTO_DE_PINHEIROS.zip,edificacoes
40,3550308,BR-SP-SaoPaulo,35,6d32bcbba5488de7109949980cf67fcdd77c4732b4767664b7afd4734dedb0ba,SHP_edificacao_ANHANGUERA.zip,edificacoes
41,3550308,BR-SP-SaoPaulo,35,2ecd4061720c09d1630be2bd837a16b0c38f033e1192de77b00dd58fa2a7088a,SHP_edificacao_ARICANDUVA.zip,edificacoes
42,3550308,BR-SP-SaoPaulo,35,d083dbf6219c9cbc41813232c865b4ab999afb81614a3f7ea0a5dfd46ff767da,SHP_edificacao_ARTUR_ALVIM.zip,edificacoes
43,3550308,BR-SP-SaoPaulo,35,f135ab79a99d03bf4be8807fa1ff9b04c72b2fa4db8137439c06af5755b25213,SHP_edificacao_BARRA_FUNDA.zip,edificacoes
44,3550308,BR-SP-SaoPaulo,35,798c78e2aa8ec22b5c8cb882f11ee3a10f89f9bb994c5a044b1441732f1f54af,SHP_edificacao_BELA_VISTA.zip,edificacoes
45,3550308,BR-SP-SaoPaulo,35,89c904a7c08162f77465e3ccf4bef9ac990d7a8c69fbb45ea2339f8de6352fa6,SHP_edificacao_BELEM.zip,edificacoes
46,3550308,BR-SP-SaoPaulo,35,ef4b902410fdcab26e5ce4354b0aa3ba0c2c27b7755b8302170de8b12e934ddb,SHP_edificacao_BOM_RETIRO.zip,edificacoes
47,3550308,BR-SP-SaoPaulo,35,803a720e3070b12affd44e812b0d052389c09f534e4856302cab6dd86be18f66,SHP_edificacao_BRASILANDIA.zip,edificacoes
48,3550308,BR-SP-SaoPaulo,35,e408aa5073da2982a11f5ec0868c2387d80b028787fa9fbb296004faf58305b3,SHP_edificacao_BRAS.zip,edificacoes
49,3550308,BR-SP-SaoPaulo,35,3fba7d6620c833a52565d27ff1d3f3f768cc03835316b8d130c281caa4fa5fca,SHP_edificacao_BUTANTA.zip,edificacoes
50,3550308,BR-SP-SaoPaulo,35,6c7bf5d8a9bc8e25d1ee7e1e171f0ced99065612ff682935e0b6b1334ee289bf,SHP_edificacao_CACHOEIRINHA.zip,edificacoes
51,3550308,BR-SP-SaoPaulo,35,7576d87fef8d6a98b025c4c9fb37c83333856ce634136acbf325fa1649063094,SHP_edificacao_CAMBUCI.zip,edificacoes
52,3550308,BR-SP-SaoPaulo,35,11bd7706345b8683d9bf079746488898ab7b34830edece10537348379b2b129f,SHP_edificacao_CAMPO_BELO.zip,edificacoes
53,3550308,BR-SP-SaoPaulo,35,962177886b2579846fe178689914609045b1dffde4876058585021411107f517,SHP_edificacao_CAMPO_GRANDE.zip,edificacoes
54,3550308,BR-SP-SaoPaulo,35,95db189b944f25d65758e3e9141c5c42a43c9afe5b8572adb8f192dba888b57f,SHP_edificacao_CAMPO_LIMPO.zip,edificacoes
55,3550308,BR-SP-SaoPaulo,35,9bf0a5945b635e945bbb702e16ade0fecb5ac74a085bf962232b4382e9de01d0,SHP_edificacao_CANGAIBA.zip,edificacoes
56,3550308,BR-SP-SaoPaulo,35,9f4ce8e6d84a5a8efaa252327c54156b3a26514e5385b2c027cd94d30f6fc402,SHP_edificacao_CAPAO_REDONDO.zip,edificacoes
57,3550308,BR-SP-SaoPaulo,35,79399f1eeeef4fabb2d1e0f49de628c4b3a72fb5af1dd55ab66aa7239bec226d,SHP_edificacao_CARRAO.zip,edificacoes
58,3550308,BR-SP-SaoPaulo,35,e333dac596b7949f1661133dd2d200e14c5bff42a02e76d6b14fcb25c4f0003d,SHP_edificacao_CASA_VERDE.zip,edificacoes
59,3550308,BR-SP-SaoPaulo,35,fe567b73a179917a12a063db4a64c8cfdc31f85a16ea004c3d886902cebf572e,SHP_edificacao_CIDADE_ADEMAR.zip,edificacoes
60,3550308,BR-SP-SaoPaulo,35,3358a0a0e490bc7355806a64b2ad0fa9a7196f5fccb874444d3283016d7308fa,SHP_edificacao_CIDADE_DUTRA.zip,edificacoes
61,3550308,BR-SP-SaoPaulo,35,d0ae14913961a7e59d4fcb781b34382a1e9e278d7cc4a9271f606ecdafe4f012,SHP_edificacao_CIDADE_LIDER.zip,edificacoes
62,3550308,BR-SP-SaoPaulo,35,4ddae1e9d24dc736647ce4047424a39bfff027614a8f9484b76735dad5482395,SHP_edificacao_CIDADE_TIRADENTES.zip,edificacoes
63,3550308,BR-SP-SaoPaulo,35,962d051014dec9fbd7da0740e8864b445a82bd1f973f37f620e9141f4e05ef35,SHP_edificacao_CONSOLACAO.zip,edificacoes
64,3550308,BR-SP-SaoPaulo,35,c07073b4dfd676902f5f3c661ad005ddd9c9d96e7508a997da5d2f9a29515a6f,SHP_edificacao_CURSINO.zip,edificacoes
65,3550308,BR-SP-SaoPaulo,35,f61de208ee8ce4063484fc84e047d7896fdf9a538a5698a725dd3ae652768776,SHP_edificacao_ERMELINO_MATARAZZO.zip,edificacoes
66,3550308,BR-SP-SaoPaulo,35,3f60786431ebed928dd3ebd7e58e0158ffc2722a584ed9fd6f18df8a93b67554,SHP_edificacao_FREGUESIA_DO_O.zip,edificacoes
67,3550308,BR-SP-SaoPaulo,35,c38c128599b616fdfeaac506bbbc8cb784077ac72ffc952ee1b6ef3b42f99468,SHP_edificacao_GRAJAU.zip,edificacoes
68,3550308,BR-SP-SaoPaulo,35,20a9996340b528bd2624888684672af57865b0156b6a67bca98f3a0cf369fe0d,SHP_edificacao_GUAIANASES.zip,edificacoes
69,3550308,BR-SP-SaoPaulo,35,3242d9c1c1519cc1d51067e4da6898a69660c3dabf626c12d689bb1b3b5523fb,SHP_edificacao_IGUATEMI.zip,edificacoes
70,3550308,BR-SP-SaoPaulo,35,489a10e16125e888eff87b870123552a3c0da9dbf2c23e91f6c179a6e1fee894,SHP_edificacao_IPIRANGA.zip,edificacoes
71,3550308,BR-SP-SaoPaulo,35,b6e9a5f445d74cb342c0f6394d551754959a2a3a26c11ddb1436fbfcd6f78ebe,SHP_edificacao_ITAIM_BIBI.zip,edificacoes
72,3550308,BR-SP-SaoPaulo,35,facab87afc20cf1a56de14f187d403d7c1282e1e06fa007ed26ae1193cae7858,SHP_edificacao_ITAIM_PAULISTA.zip,edificacoes
73,3550308,BR-SP-SaoPaulo,35,74cd1f2607507094260a37900c226114d766c982078925b095b53f4f6167dec4,SHP_edificacao_ITAQUERA.zip,edificacoes
74,3550308,BR-SP-SaoPaulo,35,c7c623ee19a2a8b27da611e015ea2dc891c40d35ec34568ffb93b0b13eb5e8d6,SHP_edificacao_JABAQUARA.zip,edificacoes
75,3550308,BR-SP-SaoPaulo,35,6a2ea9eb99888604cc163ea4714e4e66d76185282a3c5fb0296fcb2b688deca4,SHP_edificacao_JACANA.zip,edificacoes
76,3550308,BR-SP-SaoPaulo,35,e2b0f82c7389fb74be8261b130c79852dc5af12ade412b5804340116a2a9cae5,SHP_edificacao_JAGUARA.zip,edificacoes
77,3550308,BR-SP-SaoPaulo,35,38e5dff9a22399a763a6e6432656b1249ca3e9cf9a6658d7ec6cefa9e12bc1f1,SHP_edificacao_JAGUARE.zip,edificacoes
78,3550308,BR-SP-SaoPaulo,35,a22d8b382f03c9d60496e128ea280e462f8180444fe69aa18859cff92b63de90,SHP_edificacao_JARAGUA.zip,edificacoes
79,3550308,BR-SP-SaoPaulo,35,2f7448f9e772c0cf34e7baa992e9a4fabf76f387f45966be0c2248064d6fb107,SHP_edificacao_JARDIM_ANGELA.zip,edificacoes
80,3550308,BR-SP-SaoPaulo,35,d7413f57760e0840b8f74ffa97aba648d7af76ca302396819aeafeeb29730f15,SHP_edificacao_JARDIM_HELENA.zip,edificacoes
81,3550308,BR-SP-SaoPaulo,35,9a3a628c0280ca938573070e3fde82df6ba7229e70902b7a9b8d0d4a420570b2,SHP_edificacao_JARDIM_PAULISTA.zip,edificacoes
82,3550308,BR-SP-SaoPaulo,35,f014b7ccf0830cc7c79a63f69accb05b457c5be3a6c23335c9219ef1da4e0930,SHP_edificacao_JARDIM_SAO_LUIS.zip,edificacoes
83,3550308,BR-SP-SaoPaulo,35,af47f755ff72a2dbe519e1ce501e03489f1379c6bb1e5eee67868347d93d9315,SHP_edificacao_JOSE_BONIFACIO.zip,edificacoes
84,3550308,BR-SP-SaoPaulo,35,382d370d2cf5627c676467bf493f3845f79fdb2087ae5a9ed2c61594972247b0,SHP_edificacao_LAJEADO.zip,edificacoes
85,3550308,BR-SP-SaoPaulo,35,a65737e48dada9929c35abc7ac9d0498f06e503b2bcb045294f87cc3932197d5,SHP_edificacao_LAPA.zip,edificacoes
86,3550308,BR-SP-SaoPaulo,35,ff9cd07933781752f76233a2723b3457e4661e1e9d028b283a6939666f5f48ea,SHP_edificacao_LIBERDADE.zip,edificacoes
87,3550308,BR-SP-SaoPaulo,35,e8eadd00f8264a5f2d892cf71d8019d399f92814efbb95593aa4136136a17d26,SHP_edificacao_LIMAO.zip,edificacoes
88,3550308,BR-SP-SaoPaulo,35,34a54da7027cf2677169e19918266dd4e45e56b9b0c040f7f5dc70f954c9477f,SHP_edificacao_MANDAQUI.zip,edificacoes
89,3550308,BR-SP-SaoPaulo,35,a48883e4723cd1534ef0063dadb1ec7c6635abc79f13c0c2c8e469d6fc944334,SHP_edificacao_MARSILAC.zip,edificacoes
90,3550308,BR-SP-SaoPaulo,35,c25b21cb82f8bd2c6a1e4919fb2f8c82bd357b257a41b48006eb18cadf23f1e7,SHP_edificacao_MOEMA.zip,edificacoes
91,3550308,BR-SP-SaoPaulo,35,843916a6613a15ea8a25ad9dbf800ffaa97204c73e7c23f4eb43270d705b84c6,SHP_edificacao_MOOCA.zip,edificacoes
92,3550308,BR-SP-SaoPaulo,35,61bb2ffeb560f5556fd52700c298bd22f47929eae6e378acab5fb6781d2f7511,SHP_edificacao_MORUMBI.zip,edificacoes
93,3550308,BR-SP-SaoPaulo,35,7950549b85dea57587854d4732c7b97a7359d6f74e1214bfb7ffd370aff99fc9,SHP_edificacao_PARELHEIROS.zip,edificacoes
94,3550308,BR-SP-SaoPaulo,35,072e3a0a65ce83bcda2f46b9bc7106e8632783486ffefc014906086bdff374b2,SHP_edificacao_PARI.zip,edificacoes
95,3550308,BR-SP-SaoPaulo,35,b5ed27497a75aa2efe8fba6055a37f6eb1b32c5e18c22472134c5e9d3d2ade9a,SHP_edificacao_PARQUE_DO_CARMO.zip,edificacoes
96,3550308,BR-SP-SaoPaulo,35,53aeb5944b3ff59001611e3cb72acc0a05499d3d95a22f7bb0c8fe55abab32f5,SHP_edificacao_PEDREIRA.zip,edificacoes
97,3550308,BR-SP-SaoPaulo,35,5c64929e81e7d3132f4a9171a1e563e41051239c38b4638e4478830648c1ce7f,SHP_edificacao_PENHA.zip,edificacoes
98,3550308,BR-SP-SaoPaulo,35,d665ff87ddad904a38d94686993d71fdb21a90748ac62caf0f08c77bb4e9a882,SHP_edificacao_PERDIZES.zip,edificacoes
99,3550308,BR-SP-SaoPaulo,35,dad255cafc64afec76de16a2f4e67c112d436f4d419fa74aeead2d86e852c961,SHP_edificacao_PERUS.zip,edificacoes
100,3550308,BR-SP-SaoPaulo,35,a89eddb337674129a43bc7fb015a4e5f53a946ee06f760e0d18cd4cd848aa9fa,SHP_edificacao_PINHEIROS.zip,edificacoes
101,3550308,BR-SP-SaoPaulo,35,fbca43ba309fa6293f6e4943754f6e4d48c64820a5895ff21101f068a12b119c,SHP_edificacao_PIRITUBA.zip,edificacoes
102,3550308,BR-SP-SaoPaulo,35,4e85bedf9278ab00162c2cae0d2f4ec7c755059a1d9ce36d8bf8cae2dc0599be,SHP_edificacao_PONTE_RASA.zip,edificacoes
103,3550308,BR-SP-SaoPaulo,35,63fb0f21f9911fb4d7abfd040bc07ddac4d2964ad821b82b057b72cfd9da2a59,SHP_edificacao_RAPOSO_TAVARES.zip,edificacoes
104,3550308,BR-SP-SaoPaulo,35,0df34d2a154d6f332de756830cd94e9f98f435dce6e82f07465a730003319390,SHP_edificacao_REPUBLICA.zip,edificacoes
105,3550308,BR-SP-SaoPaulo,35,e0163579446f62e03e2711013fb116dbecf02ff32878b0582a96ba8405cf5f90,SHP_edificacao_RIO_PEQUENO.zip,edificacoes
106,3550308,BR-SP-SaoPaulo,35,5fbfa4cb36bed0fd5ef582a94bc7a794db8604b11439d6c539a7f4db99a76558,SHP_edificacao_SACOMA.zip,edificacoes
107,3550308,BR-SP-SaoPaulo,35,f38d24438c21a3f8e06192171026293af461ee7167a1aac21da8dbdf1e7fdfcc,SHP_edificacao_SANTA_CECILIA.zip,edificacoes
108,3550308,BR-SP-SaoPaulo,35,61b8d7db35f96fe5766938678173bf7ba180d858fde8bd69969afece29c14aa0,SHP_edificacao_SANTANA.zip,edificacoes
109,3550308,BR-SP-SaoPaulo,35,72b54f1f9c1891c8e19fb2d7f387d9fdd0e82f0a5aa9dc59a59679ca69c2076d,SHP_edificacao_SANTO_AMARO.zip,edificacoes
110,3550308,BR-SP-SaoPaulo,35,09b03298fab6863c1a8c2870dca6452fc19957152e7961156378da375f39af46,SHP_edificacao_SAO_DOMINGOS.zip,edificacoes
111,3550308,BR-SP-SaoPaulo,35,8a1f136c1359bfd5cac60afe42f95cca095907941a9ae58141bb9fd7d0ace8c3,SHP_edificacao_SAO_LUCAS.zip,edificacoes
112,3550308,BR-SP-SaoPaulo,35,c8e401518d5afdd7091a2d67f3612729c82c0951c5073247ec07d8a10866bd89,SHP_edificacao_SAO_MATEUS.zip,edificacoes
113,3550308,BR-SP-SaoPaulo,35,737cd1972003b619e966b01bf1153ef22f138e32b617858bff3445821f5d6c2e,SHP_edificacao_SAO_MIGUEL.zip,edificacoes
114,3550308,BR-SP-SaoPaulo,35,d5b79a04419119a9d1fe2affd705cd1445c31920a98e54e92c68b11355238fcc,SHP_edificacao_SAO_RAFAEL.zip,edificacoes
115,3550308,BR-SP-SaoPaulo,35,b78bf3d628034ab428513d35a9f4e779ec7d38bdad2e3e3e904c74f735d99f17,SHP_edificacao_SAPOPEMBA.zip,edificacoes
116,3550308,BR-SP-SaoPaulo,35,7144cca0a7504cf62ed81e2d1d9c29070dc6af913d171d24191ef7618ccdb5e9,SHP_edificacao_SAUDE.zip,edificacoes
117,3550308,BR-SP-SaoPaulo,35,0987914e518f06c16b0ed455ec7054ab0f461019a96bf700ebbbb8ff33132fff,SHP_edificacao_SE.zip,edificacoes
118,3550308,BR-SP-SaoPaulo,35,d5cfede1cc54e1373193d8a6ae4d3ad3305b4f58e337d16b556308bd6ac3b4ab,SHP_edificacao_SOCORRO.zip,edificacoes
119,3550308,BR-SP-SaoPaulo,35,df3ba84f710456fe67250517354173b4f7a2dc03cf6135d8279177b1c6324443,SHP_edificacao_TATUAPE.zip,edificacoes
120,3550308,BR-SP-SaoPaulo,35,2c59be1cdb0b03271ada7dc96cfcdb177bb0962b9ea8e931f6fd7858ba9d937d,SHP_edificacao_TREMEMBE.zip,edificacoes
121,3550308,BR-SP-SaoPaulo,35,95dbaa9dc3578523a3638408b84845ffcd64d26e7e4ec4bd157c9ba7c3790b09,SHP_edificacao_TUCURUVI.zip,edificacoes
122,3550308,BR-SP-SaoPaulo,35,cbd0eeb6a79b38663f4a7be3d161472e104d74f4b3299fe24a4c3847eb43303e,SHP_edificacao_VILA_ANDRADE.zip,edificacoes
123,3550308,BR-SP-SaoPaulo,35,ec3ed0c0b3c6d879c2c539dff0cc01ab29894fe4872ddd302e4f356a80b87971,SHP_edificacao_VILA_CURUCA.zip,edificacoes
124,3550308,BR-SP-SaoPaulo,35,fbec15379bb18d45fff5095a1bfc39cc6ce754ffc407b8ba03af8582e31089ed,SHP_edificacao_VILA_FORMOSA.zip,edificacoes
125,3550308,BR-SP-SaoPaulo,35,7447a20e5eca53baddce34006ca38e831904ebac33b0bb11e1b10217253cd050,SHP_edificacao_VILA_GUILHERME.zip,edificacoes
126,3550308,BR-SP-SaoPaulo,35,ed4d06e1c926188d9171fd8bdba058d136f9a08c3f4de88aee32e0abbca9f49d,SHP_edificacao_VILA_JACUI.zip,edificacoes
127,3550308,BR-SP-SaoPaulo,35,a66de7f593d65b6f12b014e4d3d42cf6d909c2aee89957e12130743d64f57336,SHP_edificacao_VILA_LEOPOLDINA.zip,edificacoes
131,3550308,BR-SP-SaoPaulo,35,32b4b2beca3013094be7e21c0c5f10810fc90816b46b69b64269daec4a60bce1,SHP_edificacao_VILA_MEDEIROS.zip,edificacoes
132,3550308,BR-SP-SaoPaulo,35,25850cf03b1e0be148696485ed4cf5d5caf061729f01acb390b9a3c058cee686,SHP_edificacao_VILA_PRUDENTE.zip,edificacoes
133,3550308,BR-SP-SaoPaulo,35,33c8d43aac122d064bf9e9f37325dde5bc3db578858109e4399f9b2b84ce4885,SHP_edificacao_VILA_SONIA.zip,edificacoes
134,3550308,BR-SP-SaoPaulo,35,f6366e74c75b65648ce7c17c090b58e01f9888ff842801257634ae00e04c4026,SIRGAS_SHP_distrito.zip,subdivisao
135,3550308,BR-SP-SaoPaulo,35,ef12421332aca1f53484084ab50bdca48d243ba1d9593ebfd873a1af2ab86556,SIRGAS_SHP_logradouronbl.zip,eixos
136,3550308,BR-SP-SaoPaulo,35,8d57b8e89e77e7d2c194b7afc208ef861c85e0e233b52eae7dfaaa159ecd7f6a,SIRGAS_SHP_LOTES_01_AGUA_RASA.zip,lotes
227,3550308,BR-SP-SaoPaulo,35,e152c3d4886444c849b30b4a4dae55cc656b0f21d0016d1dcd0b2e44c78c38a4,SIRGAS_SHP_LOTES_92_VILA_MEDEIROS.zip,lotes
137,3550308,BR-SP-SaoPaulo,35,028b1500b346891bdf2acb04d63f15db4604c5d9f575e4d69ad7e3b1c84d6c74,SIRGAS_SHP_LOTES_02_ALTO_DE_PINHEIROS.zip,lotes
138,3550308,BR-SP-SaoPaulo,35,96c274bdee92c32dffec56115b63e4c74ce27891b9082033f6c30a1e65491032,SIRGAS_SHP_LOTES_03_ANHANGUERA.zip,lotes
139,3550308,BR-SP-SaoPaulo,35,b4ea950b09dbc6f42031b63237e5fd6b118d9fa34066d1bf89f4c154e1231210,SIRGAS_SHP_LOTES_04_ARICANDUVA.zip,lotes
140,3550308,BR-SP-SaoPaulo,35,5f9b3403dc9c90114602177e7b7503dcee8b7d8f65b70523ca9f994da2fa89e2,SIRGAS_SHP_LOTES_05_ARTUR_ALVIM.zip,lotes
141,3550308,BR-SP-SaoPaulo,35,62780884bc3496748f50dbf9fe45ec4b894329ef6555a00b02ae89fd95322db0,SIRGAS_SHP_LOTES_06_BARRA_FUNDA.zip,lotes
142,3550308,BR-SP-SaoPaulo,35,1955fc5a45ee9d73b77c340157f7d8ab392ce81532a8123a3e24315ffe7ba5ff,SIRGAS_SHP_LOTES_07_BELA_VISTA.zip,lotes
5,3205309,BR-ES-Vitoria,23,307f158ccd7d9ff8f7ec9767de719595fde4ea759c14316d478da176c23303fe,bairros.zip,std
6,3205309,BR-ES-Vitoria,23,58d1d77cd2dd760f6a57bfda746da7f2658fe8a1f23f6d371ed5a8e230ac30cf,edificacao.zip,std
7,3205309,BR-ES-Vitoria,23,252f2228f3400be3f6fdbef5a99b3aacf1ed0232ab73675ed918f9b5f8743752,eixo_logradouro.zip,std
143,3550308,BR-SP-SaoPaulo,35,200659df65901aad60938aeb6583e5dce73250e8609b3a48163c136262ab0f11,SIRGAS_SHP_LOTES_08_BELEM.zip,lotes
144,3550308,BR-SP-SaoPaulo,35,b86f02769f2a6405f0ba3d36805ac2173b675e298c23702b481d1fc03b7a7746,SIRGAS_SHP_LOTES_09_BOM_RETIRO.zip,lotes
145,3550308,BR-SP-SaoPaulo,35,0fcd98a1b3e8bd0a716d5f94ea305498ed3a4debe9bab89ff32d0638a2d080b5,SIRGAS_SHP_LOTES_10_BRAS.zip,lotes
146,3550308,BR-SP-SaoPaulo,35,a229390fc8035e0c53fd8ab7eecbb593b8d3c30bb836cd726d9a6df58400d274,SIRGAS_SHP_LOTES_11_BRASILANDIA.zip,lotes
147,3550308,BR-SP-SaoPaulo,35,dd53c197cd589a4c168ac3049a4855340daf861bc132a7d203da1380e6a09bd7,SIRGAS_SHP_LOTES_12_BUTANTA.zip,lotes
148,3550308,BR-SP-SaoPaulo,35,7afb2fbae956f05882a135926255092cd224c15a79ec152c4176d660ba503423,SIRGAS_SHP_LOTES_13_CACHOEIRINHA.zip,lotes
149,3550308,BR-SP-SaoPaulo,35,fe2db02418703583e3c271795033f47cff7b4446ec4d44024839b91910523d17,SIRGAS_SHP_LOTES_14_CAMBUCI.zip,lotes
150,3550308,BR-SP-SaoPaulo,35,c53374ee9e23913de0c6807a3b8a65d49bf39b2f96a77413401635199cefdd71,SIRGAS_SHP_LOTES_15_CAMPO_BELO.zip,lotes
151,3550308,BR-SP-SaoPaulo,35,ed4cb2dc702ce54808ee7c384570fc4c65843ca716375afa4c10963f07fbdcea,SIRGAS_SHP_LOTES_16_CAMPO_GRANDE.zip,lotes
152,3550308,BR-SP-SaoPaulo,35,67ad6d63c2e736d614ba522ff1066f76fe47ddf923772d786e750926f658d398,SIRGAS_SHP_LOTES_17_CAMPO_LIMPO.zip,lotes
153,3550308,BR-SP-SaoPaulo,35,bd548451a1f77878c8438ad7becdfdf6d5acb1400b0e1b26c771e0885e13e6f8,SIRGAS_SHP_LOTES_18_CANGAIBA.zip,lotes
154,3550308,BR-SP-SaoPaulo,35,001a7cedda7e09e33ee1e3418adf0c1d0d83b3d9edde55c835443b7ce74740f3,SIRGAS_SHP_LOTES_19_CAPAO_REDONDO.zip,lotes
155,3550308,BR-SP-SaoPaulo,35,38e7e3a23de1117a2e4afbf8517359c2157260c4beabb6e6ec0a1f347f828d7a,SIRGAS_SHP_LOTES_20_CARRAO.zip,lotes
156,3550308,BR-SP-SaoPaulo,35,c8da532e19bae78a03507ebaa16698523a5dbc5166b22ba2e1be620d4b029eb5,SIRGAS_SHP_LOTES_21_CASA_VERDE.zip,lotes
157,3550308,BR-SP-SaoPaulo,35,48f4e830ad22625e3fd2f2af2fdb43ad2cccf993e53abd8665605618fc6b27e9,SIRGAS_SHP_LOTES_22_CIDADE_ADEMAR.zip,lotes
158,3550308,BR-SP-SaoPaulo,35,2ab77d7d4dde2864add1edccfe310441f7463b344f542a2b5e2daaf608554db0,SIRGAS_SHP_LOTES_23_CIDADE_DUTRA.zip,lotes
159,3550308,BR-SP-SaoPaulo,35,29f726b85307b04495a725ace504ff7d268ecb4d1cfb344679600deaa9586a57,SIRGAS_SHP_LOTES_24_CIDADE_LIDER.zip,lotes
160,3550308,BR-SP-SaoPaulo,35,ea5dd4343a2638f762748b3aac008a6e440cf3540d6aad8b9aa20dc8572e69d1,SIRGAS_SHP_LOTES_25_CIDADE_TIRADENTES.zip,lotes
161,3550308,BR-SP-SaoPaulo,35,415b729a39bfca64dd718f1d3e8d409e62e0e5cf9a2945d9f8ebfc7a0c70a07a,SIRGAS_SHP_LOTES_26_CONSOLACAO.zip,lotes
162,3550308,BR-SP-SaoPaulo,35,decaaf63d81440d2d6b6bde233abfe47f483999f6ab372d56cf7deb58337bbfd,SIRGAS_SHP_LOTES_27_CURSINO.zip,lotes
163,3550308,BR-SP-SaoPaulo,35,a180f37c33a9a1faeac55123e0b483d8ffd94424ea66229f722d8fc07294c52c,SIRGAS_SHP_LOTES_28_ERMELINO_MATARAZZO.zip,lotes
164,3550308,BR-SP-SaoPaulo,35,3dc5a2324bcc9306e057e6e718bba5908b82b90f9647612b5e470d6760d0d73b,SIRGAS_SHP_LOTES_29_FREGUESIA_DO_O.zip,lotes
165,3550308,BR-SP-SaoPaulo,35,40a4dbb0447ec1633b9b62dbd96c7056bb3a0f923247f75e0214e9042ae14d56,SIRGAS_SHP_LOTES_30_GRAJAU.zip,lotes
166,3550308,BR-SP-SaoPaulo,35,555667ce8fc7059b18c0ae56b2a3bcf9d232a88404050b8e67b0725b7534d1cd,SIRGAS_SHP_LOTES_31_GUAIANASES.zip,lotes
167,3550308,BR-SP-SaoPaulo,35,b1de2bacaee128c3cc490f32ab30f721fc569dac8a916f085ce219c8e17420fd,SIRGAS_SHP_LOTES_32_MOEMA.zip,lotes
168,3550308,BR-SP-SaoPaulo,35,087f4a6740f31b8f0ab7a191216aa59088551a83c66b0c27dca1179186a85a38,SIRGAS_SHP_LOTES_33_IGUATEMI.zip,lotes
169,3550308,BR-SP-SaoPaulo,35,f67ac02401fa7a9982665da1a09fc6acfc6905b82bfad04974b5285f092f2be0,SIRGAS_SHP_LOTES_34_IPIRANGA.zip,lotes
170,3550308,BR-SP-SaoPaulo,35,5a0e4c5b840c97c509e82693876a886a092b313a253764f402c013edcb181bc4,SIRGAS_SHP_LOTES_35_ITAIM_BIBI.zip,lotes
171,3550308,BR-SP-SaoPaulo,35,b58d55160e2085ce38a4f04eb882b0602e1d57452cfb7eb7cabdd592a7967bae,SIRGAS_SHP_LOTES_36_ITAIM_PAULISTA.zip,lotes
172,3550308,BR-SP-SaoPaulo,35,a38558c83c2166f298eeacd87bd0f4c76f59b0d2275dc01079ae9525e194192f,SIRGAS_SHP_LOTES_37_ITAQUERA.zip,lotes
173,3550308,BR-SP-SaoPaulo,35,6007183788a5090acf7ffd8a37dac346e9f44f183a9474016dbcae71c461901e,SIRGAS_SHP_LOTES_38_JABAQUARA.zip,lotes
174,3550308,BR-SP-SaoPaulo,35,6d535f2af858adbad73dece754c78d886788ea3d3c147b294d3fb40f1fa5b915,SIRGAS_SHP_LOTES_39_JACANA.zip,lotes
1,3205200,BR-ES-VilaVelha,24,c0cd7b2a4cc67b5d49a4d296f41b564b23464364ab746adc6d2206d5dd9249af,BAIRROS.zip,std
2,3205200,BR-ES-VilaVelha,24,5c7131c32a7411cf7a27022b8ac2989e88f86254ed74b6b3b2e5cf94b44e3acb,LOTES.zip,std
3,3205200,BR-ES-VilaVelha,24,3984d1a48b63d858fdfbe7829e493d1c35650546eb84039a59f9008de9bc4871,QUADRAS.zip,std
4,3205200,BR-ES-VilaVelha,24,026b58b2e87deeb2d398d6563b1961ace1f2508d4691d9ba937cac3a082f95cc,SISTEMA_VI√ÅRIO.zip,std
175,3550308,BR-SP-SaoPaulo,35,dff3630b1b9c2b22a9e2c2392dfa8ef58eb16f0c0f816e805ac36f5d6f454060,SIRGAS_SHP_LOTES_40_JAGUARA.zip,lotes
176,3550308,BR-SP-SaoPaulo,35,f1141989949b2e79babeba34c2aa2a588decd94834b12d718eedb4ea954a208b,SIRGAS_SHP_LOTES_41_JAGUARE.zip,lotes
177,3550308,BR-SP-SaoPaulo,35,35fcfa13566b187ca863986dabb818be9376eedf897eafb2e46f3cf467248a28,SIRGAS_SHP_LOTES_42_JARAGUA.zip,lotes
29,3526407,BR-SP-LaranjalPaulista,32,3cda67b7524b1e073d8696a7abf8250456cb4c44f0dd087ff1c3b3dab1cac66e,SIG_CAD_LARANJAL_RURAL.dwg,std
128,3550308,BR-SP-SaoPaulo,35,ae2846360b6bdc21ce3d29dfeb9192560527866ac3a4616ab598cdce75c5ea52,SHP_edificacao_VILA_MARIANA.zip,edificacoes
129,3550308,BR-SP-SaoPaulo,35,339f63dac126798e340bd80a0ded8453b9ef278f1a282ecc823009ffb48d45b8,SHP_edificacao_VILA_MARIA.zip,edificacoes
130,3550308,BR-SP-SaoPaulo,35,31eac63bf73b5b415f200c023340eccb7d8acff174fa3ead4fe59425a8a6e610,SHP_edificacao_VILA_MATILDE.zip,edificacoes
178,3550308,BR-SP-SaoPaulo,35,c9cb4181aec58bb0e70c4bd0b6c69eada4e208dcc41aac705c4456d93fcb94ab,SIRGAS_SHP_LOTES_43_JARDIM_ANGELA.zip,lotes
179,3550308,BR-SP-SaoPaulo,35,2837da0d9ed00b70a1d3fd79aa335946cb14f962ef2f586b073a455aa29e3111,SIRGAS_SHP_LOTES_44_JARDIM_HELENA.zip,lotes
180,3550308,BR-SP-SaoPaulo,35,be6481becf8589f5fb026b4366ce3e91fa67bd8b42a37f86fb8fa466cda672e8,SIRGAS_SHP_LOTES_45_JARDIM_PAULISTA.zip,lotes
181,3550308,BR-SP-SaoPaulo,35,2ae9e95414f4e52351bee8189fe2f544db8e7519adb8d892f803595317336078,SIRGAS_SHP_LOTES_46_JARDIM_SAO_LUIS.zip,lotes
182,3550308,BR-SP-SaoPaulo,35,ce05962ca31a53f57d4c8f089a1319b0cfaa4980e0462f4a59c25cd603d1b86b,SIRGAS_SHP_LOTES_47_JOSE_BONIFACIO.zip,lotes
183,3550308,BR-SP-SaoPaulo,35,b0b73aa812d5ec1e7a58497da49968fff15319a9b12115a8398469eb64af12b7,SIRGAS_SHP_LOTES_48_LAPA.zip,lotes
184,3550308,BR-SP-SaoPaulo,35,b6e17c2c075042452e0f136aabd5348909a92f318fa0970de588624ef0be735d,SIRGAS_SHP_LOTES_49_LIBERDADE.zip,lotes
185,3550308,BR-SP-SaoPaulo,35,909bc4f9ac488b4d2456d4e3bc954cee66aa863dbe5dea28813d7d8782fd414e,SIRGAS_SHP_LOTES_50_LIMAO.zip,lotes
186,3550308,BR-SP-SaoPaulo,35,40602d3e792ba989899b9cae511b2f8e2b63c66a47219bbc1258d2c5cb18947b,SIRGAS_SHP_LOTES_51_MANDAQUI.zip,lotes
187,3550308,BR-SP-SaoPaulo,35,5cc70d04ccd37b4f8b2745204b1aaf78399ed10114daede009fd4eab40b38a7c,SIRGAS_SHP_LOTES_52_MARSILAC.zip,lotes
188,3550308,BR-SP-SaoPaulo,35,25c410d66f4ed3372b6bcf36c535706571ca3e6e312269bd6a24b2f5a0600f91,SIRGAS_SHP_LOTES_53_MOOCA.zip,lotes
189,3550308,BR-SP-SaoPaulo,35,e8af2bdbdbdd5075fa3af41e9dc614ab49e0d21375c4b85a4ba2d2a0fb9b7219,SIRGAS_SHP_LOTES_54_MORUMBI.zip,lotes
190,3550308,BR-SP-SaoPaulo,35,aaaac06901921cd845595b699aabe35dfcbba9e0aa6b9e456ee354254713f770,SIRGAS_SHP_LOTES_55_PARELHEIROS.zip,lotes
191,3550308,BR-SP-SaoPaulo,35,50b48288bc55dbfc3d79bcd78697d484ee0e2796d7e796dfb8ec0c7d8a937f35,SIRGAS_SHP_LOTES_56_PARI.zip,lotes
192,3550308,BR-SP-SaoPaulo,35,c8d910d7390b48dda6cadfa30ff9603db2cec1a66c367b8a5c431c1d1e65940d,SIRGAS_SHP_LOTES_57_PARQUE_DO_CARMO.zip,lotes
193,3550308,BR-SP-SaoPaulo,35,2961014c06753030e5079cba20b878c9aebd617a8b0b6717d1b2575a7ecab8db,SIRGAS_SHP_LOTES_58_PEDREIRA.zip,lotes
194,3550308,BR-SP-SaoPaulo,35,6e650e3e0c1764c08152b8832feb032c871669f90ced160320d6e43009ab4987,SIRGAS_SHP_LOTES_59_PENHA.zip,lotes
195,3550308,BR-SP-SaoPaulo,35,8a57f6b45ba636e4a3d9787a349e457991542b1008c9fca5e6b485593b03ce9e,SIRGAS_SHP_LOTES_60_PERDIZES.zip,lotes
196,3550308,BR-SP-SaoPaulo,35,e3880100a249c0938928aed609c16ca5a3900501b1c72603e9f4628c1685f7d6,SIRGAS_SHP_LOTES_61_PERUS.zip,lotes
197,3550308,BR-SP-SaoPaulo,35,3ea00145ba431b937a7d64e9741567356a22ac0757fd32935e7192c7a4da412f,SIRGAS_SHP_LOTES_62_PINHEIROS.zip,lotes
198,3550308,BR-SP-SaoPaulo,35,fbf96ac9af6f423969623fe0ecae9447e3146a491aab78d2c3b068a159999976,SIRGAS_SHP_LOTES_63_PIRITUBA.zip,lotes
199,3550308,BR-SP-SaoPaulo,35,02a6f00416c58675b656d72a8df3f26f815d6879a1bfbd6dc15264acf587f534,SIRGAS_SHP_LOTES_64_PONTE_RASA.zip,lotes
200,3550308,BR-SP-SaoPaulo,35,1469cc54776bfecbf517191b3a86fbfcbc16f8c3ffa5e18c8d2ff5f5850ce278,SIRGAS_SHP_LOTES_65_RAPOSO_TAVARES.zip,lotes
201,3550308,BR-SP-SaoPaulo,35,c511bed49f633b70eb8236ba0b708bf1c67ed39a49e6bf22775a44d296e998c3,SIRGAS_SHP_LOTES_66_REPUBLICA.zip,lotes
202,3550308,BR-SP-SaoPaulo,35,68b6c71dc3c937e72eb9f505a3953681a6cf78051250c2f7cfc8b7f83a61f043,SIRGAS_SHP_LOTES_67_RIO_PEQUENO.zip,lotes
203,3550308,BR-SP-SaoPaulo,35,b3d48056d2c366c2f2a8774c0947c44d83b295e605d7141e5a926def79308d65,SIRGAS_SHP_LOTES_68_SACOMA.zip,lotes
204,3550308,BR-SP-SaoPaulo,35,43b51eb535fe985c1b063091aad466b298c2f580209c212e9e388e91982c47b7,SIRGAS_SHP_LOTES_69_SANTA_CECILIA.zip,lotes
205,3550308,BR-SP-SaoPaulo,35,d066978eeebc922ba8afc3fa43a9113969fbe1ead1e678c1adc0d12869f741dc,SIRGAS_SHP_LOTES_70_SANTANA.zip,lotes
206,3550308,BR-SP-SaoPaulo,35,1fb52bfa3a41a5c8e16990395a4405aab6fb3c3e6e87ffcfc7505053177aa419,SIRGAS_SHP_LOTES_71_SANTO_AMARO.zip,lotes
207,3550308,BR-SP-SaoPaulo,35,2a1459e98f5d0849d72ae0f4eb520510bf01fafe1a790c678c3623c17f8ef72f,SIRGAS_SHP_LOTES_72_SAO_LUCAS.zip,lotes
208,3550308,BR-SP-SaoPaulo,35,0d1e57a51b3471d4aeecaa4a38ea0142f2a642e28768a2583ff942e0c02be311,SIRGAS_SHP_LOTES_73_SAO_MATEUS.zip,lotes
209,3550308,BR-SP-SaoPaulo,35,ea69324fb93af41cdfb2c22aa270a2379ad0ba73fcb8cf799be5f014b486f3e5,SIRGAS_SHP_LOTES_74_SAO_MIGUEL.zip,lotes
210,3550308,BR-SP-SaoPaulo,35,b698475918da3de931016f33afdf8fcabe3f86f31ad8ed026de193141ec232f5,SIRGAS_SHP_LOTES_75_SAO_RAFAEL.zip,lotes
211,3550308,BR-SP-SaoPaulo,35,3c650ba8fbad14cab1fb756f70146b1fc316fd197a801d469da618306b3033a1,SIRGAS_SHP_LOTES_76_SAPOPEMBA.zip,lotes
213,3550308,BR-SP-SaoPaulo,35,d312cc7b549146558fa1879a30d0458328714db86cd87853fadaf5747c83ec73,SIRGAS_SHP_LOTES_78_SE.zip,lotes
214,3550308,BR-SP-SaoPaulo,35,7b54b8c582f072658d3fff8f821aa7f1012c2e599df8fb1eda192d9a96a91229,SIRGAS_SHP_LOTES_79_SOCORRO.zip,lotes
215,3550308,BR-SP-SaoPaulo,35,d35e551a3526fb15ecd9caf11f94b91cfab72675cd95c941e793ff89d332b7bc,SIRGAS_SHP_LOTES_80_TATUAPE.zip,lotes
216,3550308,BR-SP-SaoPaulo,35,7a92326554ab9105d92cfcc87b6a82a5eb9127edd5a121a726a172c27eb9a10a,SIRGAS_SHP_LOTES_81_TREMEMBE.zip,lotes
217,3550308,BR-SP-SaoPaulo,35,b0f59c43ad19c47bb428bf42583ef4ae921a2fc19005a18132a0457f67ca5cc3,SIRGAS_SHP_LOTES_82_TUCURUVI.zip,lotes
218,3550308,BR-SP-SaoPaulo,35,1aad6173389514265401cdee41632e20e9803c7b4c989f1ff568daa0eff6a672,SIRGAS_SHP_LOTES_83_VILA_ANDRADE.zip,lotes
219,3550308,BR-SP-SaoPaulo,35,2763700fe05fb6a3a555aba90ce2352c8c1b9dee9ceffc00925247cfa97ebe1e,SIRGAS_SHP_LOTES_84_VILA_CURUCA.zip,lotes
220,3550308,BR-SP-SaoPaulo,35,d00f4f6994a79a296bb0e8206ed17ba3d8fd3d6f01d9873c00f97adfed447c5e,SIRGAS_SHP_LOTES_85_VILA_FORMOSA.zip,lotes
221,3550308,BR-SP-SaoPaulo,35,076312ec9decde9d854e0cd6913e3706703373500e129e39cd80c1b25dbead45,SIRGAS_SHP_LOTES_86_VILA_GUILHERME.zip,lotes
222,3550308,BR-SP-SaoPaulo,35,d241e8121ed6747d054ea32e791370ed3b56c35bec06b81ec79ea2414b0f3494,SIRGAS_SHP_LOTES_87_VILA_JACUI.zip,lotes
223,3550308,BR-SP-SaoPaulo,35,7e694e7f8043a4150195e3b41e2815ca4e963fc899f8e23ec9729db725f2fdb3,SIRGAS_SHP_LOTES_88_VILA_LEOPOLDINA.zip,lotes
224,3550308,BR-SP-SaoPaulo,35,bab0b1453f164b5052ec15092a9b58b32c40cd933480f8fca940b0af8e74d184,SIRGAS_SHP_LOTES_89_VILA_MARIA.zip,lotes
225,3550308,BR-SP-SaoPaulo,35,33bd69f5a273880e68c99f628fcd1b9369091346f0fcd42a4c3c91cbc0519a86,SIRGAS_SHP_LOTES_90_VILA_MARIANA.zip,lotes
226,3550308,BR-SP-SaoPaulo,35,cc9388f8349ff46ace8c228854271480c7e73d2a365d3013f3652e76a7cbd488,SIRGAS_SHP_LOTES_91_VILA_MATILDE.zip,lotes
228,3550308,BR-SP-SaoPaulo,35,855f84cf2cc6bd2acecf3129602e9cb786b7850f598e2d58a6db81b10d46fabe,SIRGAS_SHP_LOTES_93_VILA_PRUDENTE.zip,lotes
232,3550308,BR-SP-SaoPaulo,35,0f724350c2511ec58873a9dcaeec51a6756f9258b2b4ecd953884198e0350cbc,SIRGAS_SHP_quadraviariaed.zip,quadras
233,3550308,BR-SP-SaoPaulo,35,402cf2090a29a20031d7b14f95d4046fab1f41c7d2834c12ed6aedf6196b43de,SIRGAS_SHP_subprefeitura.zip,subdivisao
234,3552205,BR-SP-Sorocaba,17,3c89fd728a33d781a60088e8b384295e92e70c96b6c9fed78bd4f36f819df67a,lotes_prediais.zip,std
235,3552205,BR-SP-Sorocaba,17,f88024120a0355a4a9c5ee990c31a41a031a06c25e82eca5e7320d00030edb36,shape_eixos_sorocaba.zip,std
10,2611606,BR-PE-Recife,21,04fffd56aef1c5a53cb35e5864b940b0b103e6e4752adcff7d4f30a2cb99ddb6,ProjetoRecife_SHP.zip,std
22,4314902,BR-RS-PortoAlegre,27,78cd2415c559e70d7246a9d7cc08acec4339626a675e5ac9cca91c7297fea462,SMF-XLSX-ORIGINAIS.zip,std
9,3106200,BR-MG-BeloHorizonte,12,1ce29a555565be5f540ab0c6f93ac55797c368293e0a6bfb479a645a5a23f542,ENDERECO.csv.zip,std
30,3534401,BR-SP-Osasco,26,3ed914c433722c62dcd38009778e58bd9b92ce89d954ca229b17b5a7d98acd85,Osasco.zip,std
212,3550308,BR-SP-SaoPaulo,35,2e21b97d9067999babdbdbf4d59817775a978afb7e6eb46aeb3364ee65a121b7,SIRGAS_SHP_LOTES_77_SAUDE.zip,lotes
229,3550308,BR-SP-SaoPaulo,35,e865d11fead205db954a855e8693b539d6a40917ead38672bc8eb9bba977f161,SIRGAS_SHP_LOTES_94_VILA_SONIA.zip,lotes
230,3550308,BR-SP-SaoPaulo,35,49a8a0b5f3ca287f8a76792d241ee240a2e447441b57fdd42e0b5585fca78023,SIRGAS_SHP_LOTES_95_SAO_DOMINGOS.zip,lotes
231,3550308,BR-SP-SaoPaulo,35,7f53e7f8682b0d34386a26392f8251d3ecf8d6b897b7adb8b72bfa905dc84eee,SIRGAS_SHP_LOTES_96_LAJEADO.zip,lotes
37,3550308,BR-SP-SaoPaulo,35,99d4b808f96562bba371188209618c1fde319dc499780a48256c2037e8c8d1f9,IPTU_2020.zip,planilhas
